username,password,name,address,phone,email,Emergency
tp069420,123,Vince,Subang jaya,0162165189,Tp069420@gmail.com,911
tp032245,ilikecars,Madanish,Kuala Lumpur,124000000,Tp032245@gmail.com,119
tp021398,password,Rui Yang,Melaka,122000000,Tp032245@gmail.com,999
tp090211,123,Ivan,Kuala Lumpur,122000000,Tp090211@gmail.com,111
tp032121,pawssword2,Andrew,Johor Bahru,130000000,Tp032121@gmail.com,909
tp012343,312,Rong Yu,Klang,213125345,Tp012343@gmail.com,421
1,2,Unknown,Unknown,Unknown,Unknown,Unknown
tp0441144,123,Unknown,Unknown,Unknown,Unknown,Unknown
rongyu,54321,Unknown,Unknown,Unknown,Unknown,Unknown
ange,123,Unknown,Unknown,Unknown,Unknown,Unknown
